0,1,2,3,4,5,6,7,8,9,10,11,12,13,14,15,16,17,18,19,20,21,22,23,24,25,26,27,28,29,30,31,32,33,34,35,36,37,38,39,40,41,42,43,44,45,46,47,48,49,50,51,52,53,54,55,56,57,58,59
83.85218682720996,27.87949917126854,18.26097099198676,60.000208302908135,86.23823510449337,98.41540824553118,91.26293644069338,80.114706730851,94.8515117501752,73.54000430947929,54.6269395561674,39.30532792386303,18.616436955773928,61.4008191580793,71.20644398528056,84.67749190016974,8.10742740449153,10.622687393467755,82.00001632400983,61.22828128791519,39.014075301405704,18.377831198092654,0.2841409357137059,36.706150411088544,4.208974284136524,87.19416184853418,0.8016098953589679,75.75246121024807,83.14673751714008,58.105430023824155,33.89193939851397,43.41230792812675,26.8441582445867,3.908346944362928,89.6265737472466,82.60414309129693,5.69617803326622,65.01755588354101,45.817736861374804,98.59966605862854,46.19455827188295,54.149843626672066,37.91296622949303,11.982246780157979,23.650465638294516,43.08749963866154,90.9541807375506,37.13216729137538,59.99708476324407,65.18130792608252,7.621441941563334,8.491200931538367,41.368339782986176,49.841743805232795,69.23364493435884,23.54701354756894,21.819904321079697,66.45689848554049,90.43427109834319,21.00523150765635
51.50305460877704,49.820051093239236,3.462854038228236,20.146579318402335,74.36561139820044,94.54663465026042,29.37144322979608,76.63245847390189,80.2477402316282,16.659297485594227,39.25875055226996,87.33785643310652,24.932175834956194,89.58928649479292,95.98472722477382,55.846171234200646,64.01839710899105,21.431215233406043,91.2749763489216,65.79474557462606,94.06734784566054,62.54274580020608,8.071664756010154,61.18841256516263,56.45158086009905,1.1272459563165471,55.87798611238048,15.677208747003402,9.190013166861167,9.332801463712215,0.7598901683327552,52.550206628926155,68.75742527294462,37.015985530472115,13.95329803782952,45.14046530276155,21.212815901246383,52.56930550118464,24.827020902532293,30.08741598459452,27.439345629485157,65.22453177945864,89.7889292271714,5.862608067507891,88.46762190566426,51.486302147111616,85.46601988436117,48.19457091835682,9.247162381811268,94.20255707047316,75.68776883393076,27.062576766802348,59.504363484120326,65.47869182961365,48.209826250018494,98.5264966213788,26.5392914120143,69.08380530625409,15.809099332438814,70.68040046333289
80.09658784305968,50.88330871510901,80.78807238613305,99.24499280884457,42.7898988622751,61.3684309072993,76.57773103227746,39.20239581096734,65.46044593033645,39.51173387566581,5.351780813270823,19.33074552255286,5.069808777501839,65.22658351353947,39.973150973890846,73.53104693883641,7.559284527662835,61.007570590979874,46.638136116973506,49.89323919643167,23.66271061505618,19.111391964537372,58.110963030023896,50.63697512530608,38.17964927577484,53.18319835473826,45.47601336749781,30.505719367842797,20.89900458653984,37.743331534137425,18.338655801751734,56.09262363907759,14.332102521323343,32.287913949020954,22.06171369911687,44.75697849949343,61.99390486314847,96.8327338557559,64.96552035379366,40.81556234500019,67.13330186247248,59.27206038670027,42.7334648906151,84.96498161323936,94.4151776155701,61.3058222666213,1.658786542942281,57.701059697649214,39.99892496913129,10.166796501758057,94.75165960045534,62.33525042225395,65.09372571884549,65.05357402092022,93.50360624463559,29.757843754934697,39.49831143309758,8.333896289033937,29.84162747958611,83.37277095619275
35.55055856364697,24.565195580563636,45.75247413323362,5.873132476221832,15.258678085364796,0.09892588073210362,26.886500874770224,78.50321314959014,5.177260339565615,80.6671856273036,81.0641655536407,97.79913794690545,83.80223189736186,67.76178629658928,69.8321362601526,21.071472310451767,22.16386549105682,59.166311165302645,15.568806385674538,86.3835862585113,49.59150502787851,87.0094916056812,15.584148523164309,32.58577029683642,59.2520954959766,29.62356354163451,5.24122766176408,96.6046956764797,74.10729259592867,94.51420956857538,16.473526683690153,28.817704116638986,78.76110221193856,13.16200694221904,25.26424558773789,52.07952689630374,48.689048683103785,63.21633696227894,78.60882853613381,48.13835171423747,86.57867442021309,62.37195693978924,43.32091568233292,62.930581132730026,71.56695831683739,89.82117450766313,97.47451564327487,63.77753304048491,32.03666556416732,69.69842705557159,1.767551600355577,5.929194584253161,33.14137208551314,36.571538958444414,10.077278951132861,45.85596920545301,8.834321970364744,99.69531728190664,43.57792630503098,16.35464846287611
38.64945111350671,6.179527264040985,49.394125387116794,6.876423862915959,13.739499478209572,16.502697059141525,92.70330942463538,53.133951025706786,21.087782904425367,68.51472893378019,25.532939442827796,72.08233899080324,97.13527721843279,31.8564868992281,96.00937132889817,0.4974540461269994,31.370768432712957,63.11429986231868,89.35442433822166,25.24936256747431,4.89186240832683,98.75945797900154,45.48996285829576,80.10353895308519,44.43290611630122,43.88828364660179,93.79879355914112,18.13228341025933,87.82509184463154,94.7903630021159,74.04016710921266,6.962278674813516,28.05996154129278,58.19734696648733,96.46467974736944,33.72378267039505,48.836736692760695,84.58351876515181,14.423706085127918,68.98425840575966,33.27012441801928,91.3625614052918,54.76370194353078,45.48306394206063,71.94405005135141,69.62188101196668,93.14760627352217,70.99245165887062,16.81313877967552,24.861001992600805,95.18904250621969,88.488731282114,63.22173186140178,98.11125193295757,62.681974291796614,14.099694845806754,58.831177730848424,36.46514359170207,75.40539701884349,64.15627814829853
86.50924911224853,47.877090993004416,69.45273058925434,21.211946150903948,12.417786444574707,26.040807740171502,49.611018664598284,2.2755321449836052,14.890815446213868,89.7671254142411,24.18306554759404,65.04962236950792,99.95564532660974,87.44978777565305,92.50862893730421,32.24352360835029,64.9656412016822,1.9512572253933214,59.97701380529337,92.12159385524863,81.65950293897032,2.0972925406490095,3.9842235543045557,93.78791295161136,36.93547571376281,51.75436676847026,36.2962152146059,96.22751343989476,44.74913607938855,74.08863101162034,99.00877431044898,38.67201128474066,15.578189961745913,94.85061786063068,77.91222407611792,96.95810873242768,95.1464078575631,29.63255788461091,20.423432702485446,64.4717438612977,32.50944974809141,74.19122493798997,2.831759006316603,0.6926603163350031,35.91071240045925,37.16972646349873,72.21280977224059,35.77960325700374,94.40157295951929,14.965990569321985,7.115363862137059,20.15304980717081,21.294975291153673,59.02999206158254,66.780799696661,93.73319295600768,9.84669629764553,98.01542250787544,68.7637590637954,17.937131764685976
33.75268307279302,76.27122118448054,90.9857071727925,19.105805896171468,89.0695511915192,98.37214220552954,4.503145826601795,30.677485345893796,7.272030361227532,81.52195956920055,93.83996426504672,60.739781298092765,75.13881217585752,33.12352993699815,66.96533315247048,68.73952902605677,83.93055029775067,87.13321169309289,80.61384872385796,76.75913816361755,68.42935367813192,89.38151738619446,80.72391281999053,88.29308108284512,61.2286382402745,99.86476097011796,3.373733128248757,83.72203206342299,31.42818867939612,23.528663755348923,11.133057274936398,2.9331835872130174,10.697213466186284,18.332405029510145,94.66510856703701,31.855124026384697,1.6684607234365045,79.22249905972465,87.827426965546,91.2732487330799,54.410295958141575,85.08095463876526,22.564643921673778,97.12041190637211,1.6562139682890775,13.232541396041508,53.82143324612735,48.7730276940778,86.31870500581337,86.87144453181787,15.95245696219706,44.76354451936094,75.65283549405616,75.55899690551112,67.66227928279757,63.37563302680107,62.56346928886003,11.296339234075802,44.82972289282701,67.10507605793761
72.0542244903273,58.69964857295466,11.20872465594106,53.98502533585564,6.156773346778365,43.51852445687072,97.2406843837674,71.39316474131108,43.54025076853356,24.35390169251008,87.76119552231539,14.73859562378853,57.540653209669934,42.720640180787086,18.295907731263938,53.111106736159094,67.86444467829325,43.163317738581576,96.7642458986712,1.3369167450336006,46.93229640022159,80.11616807312582,71.02754946109798,69.85887097042311,10.404949927088246,94.00481031814442,36.079751876155576,56.03269687621655,7.4305146711557635,23.846784855652025,78.69602467548785,23.17638326682332,58.71540434280749,25.360625126217016,29.589902386275035,66.67264986966461,8.109837587469016,3.8626791789452053,56.71206374420423,14.03812301145637,13.191178818782834,31.01964974875043,92.43408527760127,78.44975865352288,97.19623541723091,56.57123942946378,77.31195075433473,12.608307865873625,33.40910376719438,84.69339683124639,93.71897083584044,15.37464269067067,4.398255702223219,42.08792933514188,29.823166189164297,85.32314970810214,15.441856085385908,99.5856562396936,87.54889728040823,55.44358591058288
26.847200768019263,9.237660262794023,94.6354935656935,53.43981036203693,95.85822904048239,85.72032774279111,41.67427150573476,39.5717820837679,28.246977873763925,2.134202195027879,76.26904356973498,13.772282453616402,94.67942247841292,27.717500727807554,28.04489684705136,26.94541004150368,70.07923366846892,28.31175184652134,48.189841877443975,49.03369867815592,28.00613041853487,69.2774435799913,60.48278404181657,12.856028849770428,69.95987472036262,42.830502761737485,85.86119423214694,32.93816090729897,79.81903529871298,0.3399159892793824,44.932100771871866,75.34211843136036,50.74301973911317,59.291873154171036,47.00219816372241,43.758077452731655,27.5270296672656,61.4148768593457,25.785115442715288,21.260558447403888,42.74583022947658,4.517309761551203,51.306439335824635,29.471530715058393,3.179893863695493,71.58355547774306,79.90317850137305,96.3585747187164,45.53002218541493,20.94967264957819,19.787517750825955,31.689375963816026,90.01269167082323,93.19706556017113,55.79938592240838,18.596619060686116,59.19215954571219,18.0269402151611,64.67973796385635,59.29168978353514
64.2849689838796,44.30102972268498,38.65198330150559,72.06300034697256,10.376771624208603,34.79573210280347,94.77201701873058,5.785123214488386,31.683241807031802,12.736386658009035,61.20520120358199,77.42905641212485,70.38440269218141,94.63307589496881,77.88785992494762,95.00073388919407,60.25646992407741,56.90117175205695,59.648417978777616,15.373635954260333,50.20274171874887,43.98744576434168,17.077683637108876,0.3317164892018387,1.2173453757083674,89.43472848161589,31.522613557828073,83.41633251796969,48.21645005530407,65.56969489231285,28.516805384356502,97.12285929350116,36.43371775059161,96.81068671775479,66.00078808515234,50.587058402658926,66.47794626069606,17.278163634677533,80.48138402479836,38.569428956168395,80.36822075489904,62.555752368680494,78.84322854779272,10.510084247330697,15.591155512428777,29.136059924903734,80.6012623696122,80.80954424076859,41.291376021097456,5.9696527387331555,24.92957922223087,67.63705934772968,27.967262244306134,23.527981415018683,53.288703179761676,78.14616589522436,19.67238244537155,86.58639101328362,46.02447189733792,17.788279603153534
12.62844715327872,57.45940968891867,39.12938908839587,65.51838328120016,32.69051504324641,52.63891021034506,96.25024712872357,73.09852879680324,68.15760748951392,75.38009775331327,13.771047815373604,14.57650240480226,31.041263240728533,63.58062467996476,65.32981085265756,56.94828882100769,25.675182596451783,66.30432088513113,20.06103255252596,18.187454415158623,27.832256572561874,82.2772596492809,87.9549829475375,16.500040796637737,55.7262723823849,1.0369812337499673,99.32019569204493,11.136827914045133,38.54742516407745,6.565293362666392,23.79883036191699,30.688953305251367,23.989659942420793,49.375934707197935,60.762520310538726,49.124060412671625,38.70518187114168,44.568867888355776,49.22471171399777,48.183805740272135,92.76271149640444,90.9942739731071,0.8130869114046702,29.114875614336288,70.36863758434139,16.002657352026596,39.881482585804584,9.598262320355122,38.679810132924985,55.106863674161986,75.8490976857705,42.3850084547676,49.415892462332,5.824393017570739,44.858432438590114,33.70120462355701,78.89044282992724,29.444097465241725,91.84982961255926,85.20259183699449
63.26399440279153,84.68978613411544,55.02582505771557,95.29990046113171,89.95604679339237,60.3813483071449,17.23600365874348,72.74604794326531,75.72713868060575,92.17147101028549,5.961517611452116,92.44642700072771,90.88165105404774,17.65906837329394,58.71576780765496,71.85722761848756,49.145727842291485,8.935365652136218,45.09340012841001,29.857575426915815,82.79795635327068,93.38863397670197,54.68732118712565,82.81737570501173,99.0143006213542,85.8296187418081,52.19748383463322,83.08952743019383,41.482260056651384,27.137002108324037,84.08987652020741,86.90083012420493,8.652164482484249,23.705568704049607,22.83597068017542,88.02020279560338,50.77619969062137,43.015212445545245,91.8522109838612,1.8172299554958915,32.99441381460754,4.166476925214912,3.9524342487655795,95.0523144305792,58.91256394212804,13.344978567353728,70.34848350875784,71.66433646791714,3.3108141589997975,45.18071003279478,55.46231271179961,53.645823331255706,74.99905215659362,20.696502833076103,94.25505688248579,57.28750150188764,0.534123130650499,2.947728598589805,59.06214104133794,40.67406935231867
35.32427306214478,15.553121573982597,21.02923967754706,70.18166787615523,50.757916445559616,0.08199278046409075,34.97119795115473,9.84997902639384,89.79250548348034,79.1941344200618,72.77756009923833,26.744612349483198,27.25885227671877,34.3768321830664,64.1576255096628,42.70854011132719,10.10642016561728,83.54024352261573,52.87925997019668,55.07322110061222,87.16106914072881,51.849083030443666,46.929615975474206,13.652574880398461,24.69344074469624,77.35552328552096,37.53248276289486,74.60089319769064,89.71104886278475,36.692633554387264,4.65066925899883,42.02037373273687,57.125346131574226,83.38024257372703,91.35846385169172,60.435640718545,52.387366744174734,41.57528774268607,77.11499675713216,43.11029140457976,83.159060936999,51.89183830443468,46.62386835069796,68.51122702072561,42.61595693852268,24.437516128538583,58.21633150307633,55.543917247012764,67.75358742144284,80.88574687970471,17.084254198463267,47.171443461557836,28.472768436469742,86.22483592783735,23.30854471445606,19.54615963277593,90.45871366809803,83.79766334503165,15.548536095201692,33.75771213349733
52.42138040918599,69.80159215368084,47.06419290324232,65.86362441139494,82.42832378341781,84.35411622848954,91.51208887897295,85.89310634261,76.49791804239815,47.008973954958044,76.89430892816472,76.67657672038078,79.31368120466502,87.60339717749933,26.728189855112593,59.50881601069548,12.797968922259063,90.91544283313617,65.11302453992123,90.79653929274822,97.80560458471969,72.39767513222985,33.275295595253304,19.65951976392114,49.630975263148095,21.454536338400278,98.68350756690631,50.86285200868224,80.36192335071857,78.26875468159727,26.9876059242507,57.666096520936236,71.84905729503733,81.9508631591054,92.15161247461432,56.049945355576845,18.3072169869548,3.0212911775243767,55.85759513001305,22.40999090799217,78.80780248954909,1.1321596234001419,49.082546296003926,55.46541288257959,20.876828139483685,61.16175301461666,84.27099751693622,80.04417853973099,15.1156258041518,83.05748374967479,74.80051896326822,98.56510053987702,11.725846272658103,26.75474262356253,22.707883169070975,40.00824700567415,91.6282539443168,15.714487597365833,76.30351169249344,7.304386587014555
99.46388403387488,1.6477920869584328,12.414054996169433,65.31504792395664,24.4531362086464,2.1679912251230893,73.77495779684105,0.22159059746141851,86.78774523028969,35.598254410924966,61.59067528709424,94.11726133150367,65.41191972464628,50.81428895840256,93.88602716066879,54.38992601376682,94.33882640961308,4.2084617805909,48.05725914823867,29.937351381022726,94.82570527117785,87.13992645658864,87.28869792532254,67.11726908600387,16.663026533290438,94.68716298455917,76.28286817602232,68.48132489406318,90.35760410137496,85.98161454202216,12.96962669430548,75.46771535650856,38.505500024849525,23.84854769229069,17.98014447951549,55.27555080111273,58.506129520690756,12.173055974167845,32.69377056706223,37.120366344439226,74.59772119558149,14.271499152635048,29.774855166715497,10.54643152568583,46.63753046373884,72.10223838892674,92.6244871014769,96.20683101473804,85.34619303663746,24.036668354585387,28.34511915220751,31.785030551485892,7.703546598184719,85.80490824478252,90.43071096795391,65.64217904591374,8.795600874660458,4.825949437536458,58.73778272677951,38.233817327686616
63.52849385079661,60.081564792183585,88.58324381881823,77.02092798771264,5.595277710390468,47.769203487515774,86.75108925651345,21.00576069536466,59.926962110896994,83.73979591000402,90.37787496510008,96.93296900706981,3.184137766032502,67.05804747198933,61.06328388360396,52.14503990800634,99.41167288684,54.29861644167057,37.31611159783591,19.1157153277027,23.636027792014,74.94972925944326,80.49344243366284,26.73970443428255,96.57821276928112,26.523354832767232,72.23664715379614,14.73192272635041,69.03711796254811,54.167468789802086,7.904190306702386,42.123743925972654,32.02695812469396,3.6942167990018926,62.03733959587326,68.61207481674563,63.137118293011675,71.8800449521859,47.45090459276191,33.43276478664203,78.0096399007243,97.14408814226512,48.85100939698754,2.330876638525403,59.0494569414547,15.475117415833628,45.84961202938137,42.35089364088216,68.66177532928236,78.92780101044616,58.487251169733156,12.953809969776275,63.72857393400054,85.24400057768499,61.77252192431081,77.19797655846041,79.30317365876475,3.822866272349601,9.342297363393204,13.469839683673325
96.82458547614931,70.33600315374017,90.78906896939604,43.45563854393107,36.30475573173032,29.837306797690488,29.22907402224074,10.904099269786716,44.2379413000418,51.17712529262868,82.95181409711184,80.87866311962469,81.63369867869083,19.60489224852877,56.53587176553954,79.41006978148833,38.96297952622439,90.34376536056112,11.492318040129867,55.678156562935,32.88027577141634,89.28092551456992,53.630583256238275,31.471447676790053,65.03028330962061,81.00600988754961,88.16780736980205,36.96915843191777,39.128023788449795,0.7289738229242948,11.677204203331682,28.031085329034134,44.86137923240824,42.14503399926283,69.051851457348,18.490546491400963,88.3349648740141,83.92289209465513,73.17066402379287,96.66402930678572,28.358975436349297,76.2543692133881,9.200614079427716,47.831075687087754,10.462693808006362,33.999131527634965,74.91065305661174,26.68555887039662,19.826918779752955,3.93595743406403,5.986948957653471,15.900331004179291,33.70516679353268,2.7160352783411557,12.882796099457805,86.39766414309958,48.65087071543868,82.14464532545416,36.26116250889362,34.49434594312149
97.93754494764674,84.8698951498222,15.081780293616243,6.082651278754591,20.322084231915415,83.06543748530767,11.492886846357763,14.494833252166096,32.789055664108865,30.997232357395387,7.770393616007832,5.767080945158643,78.26745656118783,65.14949664332723,44.650815915986406,89.32355141545108,45.55833287047183,4.676859054737648,21.169423963135316,5.734479947379079,33.20529586726618,76.22152001224353,72.0291559708984,21.988385328331383,14.208013076370241,84.74955862739336,89.22391097099982,68.21114336595299,25.381704937070893,5.116772225845956,54.59444487503175,41.69035899636761,75.96713228876878,68.0939643094212,76.1354386981196,31.820454548316068,83.44161347398101,28.974498250561975,87.667839099487,1.2313971826884984,96.20381116319273,75.54000219246062,17.61170484120259,90.73144784593083,17.120786630532958,99.97625736582013,63.2484985784185,86.54262876084773,90.44987268613903,95.40486871046855,70.60033932232913,46.16620497577093,19.8014265191383,47.936761676347494,23.26858366755964,99.32366849998533,23.015589049181784,38.651148644541585,69.88157797860842,71.57275248804076
77.81661687344251,43.71247528988298,68.16658944107698,40.22852835475884,68.32307817152403,93.3930217738659,25.036025245796946,22.285336675657884,37.6171145999324,33.25222855289692,94.11929472064988,3.622248039394793,8.420016637253836,95.00924780652213,5.656337702921022,7.3653576949161526,26.796339844489637,83.78382516767365,76.30314956977571,79.14450118605892,90.99824503408078,31.934225997303034,7.413370280702103,27.152733247008186,89.0101921886417,0.11621405811503838,49.57155892725299,93.23489740302699,15.95233362921784,28.7838448163525,47.96958627639454,40.43306659678221,95.70580091349417,14.849364109425235,21.627198984733443,95.1011395790291,19.60721977252,27.163685412566572,61.19993475899705,64.81510807640745,36.72850602139827,40.83207220349091,37.28689189251904,39.32884253889601,1.952440972133973,63.814195723757386,57.111446157908944,37.123605286762604,0.3532025691329821,56.51376539954916,43.73291005100614,2.31040476212383,6.344114692307123,73.45932890722928,99.6360026259805,18.833916616023384,77.22677689282874,29.973448866118314,29.475133637148655,86.9719807570483
26.447628953461923,73.60893419203948,99.5412367996632,4.944493278988437,35.705638776298954,1.1549076076629583,77.2949918048908,96.17624228266081,58.54246917421161,43.28815314807781,50.49475115484611,77.06923807227582,65.61510710350902,55.69799531530356,80.1435516107793,70.86301186040073,9.79599641451906,90.16894665075611,26.553170557599902,38.46467273645372,4.786043119657424,6.525429143952577,13.455114975087913,73.40306486256486,63.737534431738176,18.561571741873895,51.81783664391067,25.628138288207193,29.97378708052795,6.190672048989243,4.1704073629158405,69.74010141873333,15.206449990832581,24.594304083167263,17.206550341603144,21.91169111983512,88.24788904656394,77.28621079971096,13.367594288006568,56.10135761634491,87.81147533570748,46.75502583254282,50.17948886351711,79.02338826993228,25.31394132867578,35.17738990328285,7.952246004526831,12.574297890922281,91.42799788142905,84.27045425623282,4.193044443952099,38.08437365103129,0.9289260037586677,46.24465856133499,42.272323293344,23.947587768832435,78.13379251830067,65.65180303188424,66.90332833867389,80.51279830638404
23.85991252533165,22.574058419494193,15.385352045823463,45.83910949840683,73.99040566673737,7.221552473928594,43.98709928559599,43.98430606729985,87.80293329253152,48.35322529964369,85.07973377105372,5.856319439156943,88.26981360133618,71.30553438428925,15.71145177461709,30.40664554974025,97.4495514914557,26.70039234023731,21.063694381337427,34.710773016051846,25.235592829517994,53.008644029778374,58.151510670491035,84.74071501624978,75.9590802881447,2.8181519519086096,0.8439454969036309,13.391609772321033,39.83037664246507,19.872010181277567,41.03989723631534,26.287654559929596,50.298016402125455,27.94828852893101,83.7920594561113,56.10005456727324,97.75482579208663,13.90141635566805,45.372953934504736,9.89813542369491,56.95733359969459,15.334051633484158,95.01961369535833,50.678247457505364,84.40302594535251,8.007120582049321,17.80809711270165,94.4547844957657,85.99839228743723,66.48408929798903,74.50639024595479,13.701763762083786,57.232992035693734,74.65572570009803,14.743426066583476,12.896023082812036,58.38838906359244,60.0437202929883,81.50761413892312,84.30430370560373
31.377156458354595,22.710386284678318,36.30077096166888,11.774058357283202,41.17091647450336,26.003133734297922,32.161082682684594,65.60858533888539,65.5120116940736,80.94012004432275,77.42639299242587,25.163019455458357,87.3925243045898,78.9909784786506,81.78448094502772,26.332739850127684,97.54331637044822,73.43372412428664,57.73244210315036,10.131536990064083,75.3167585827775,74.66119260722243,26.851315109786512,50.29749527665359,26.694340973204945,52.305223121885334,40.26064317328279,41.960470965792254,13.349889923354418,65.2799386915271,39.069014503210255,5.153229522807479,62.280236121013665,19.2543491591746,87.85044044878099,60.60477992936556,67.22262474322395,85.8955418186253,84.39573828161421,58.20500647004272,58.46532510351189,68.2256935608045,53.58470699890956,38.173640824879826,45.41076012672289,7.4445058482071165,40.77687863889755,32.47421964033189,6.5395255918345825,86.52600137939466,16.945666342712194,16.69424191640847,26.87532433828659,11.930617770704742,72.86586378196793,48.75916870714343,79.3974154633942,21.34138298205891,7.474625827363646,40.75709422776627
47.606597460959165,72.72233989832083,56.72134016779333,43.556585152541146,70.97692669650432,18.724795150219254,57.01049571965326,22.843360290978588,25.9610386019547,21.16244254417102,97.0245664466493,25.134941870204663,14.643170678227724,27.91116170387943,75.12926636245243,30.046156794549905,19.88130654986283,52.051169331318704,15.8023933107581,92.51720477299857,92.23120913437967,16.858658149609017,7.337200187778937,50.91697013400164,7.120188189341647,59.469413148767394,29.504107102725506,73.01323436695063,61.87767641311861,26.518916467948127,11.848572369943644,11.809709543496528,30.37694341285162,54.82961923324237,89.52854826290324,29.43909567889438,78.25593706217965,12.590035834044732,39.287549098064886,41.771194341540074,48.554273359919456,0.3089434316385309,61.5905277670622,20.21272443944292,33.70456530911339,81.71692501657286,59.605323956560774,58.01936075761724,4.179920905196532,24.024956328552694,44.885940868755334,50.848674458122915,53.529203544259516,69.00895933553599,85.33518695716782,72.57957904788917,69.3453582289108,89.10607467885502,73.36543365415972,81.5421454946643
98.80308017790237,38.670869508697415,37.363505292777376,45.71335840552977,14.638208766598403,77.89584312459013,12.302141999094696,76.91197503448556,35.444434730986515,13.266781538555339,18.97025510402659,14.143418612897385,11.192109126445882,71.03318043072697,56.4640391585842,94.15756427084561,92.27669508992034,94.3464687834005,96.63008723907663,69.56190708715145,50.51232566305044,36.858447407207805,3.033497420492348,33.067628725413876,4.522514617262441,67.36579604448124,85.20747264199952,0.6425428585978388,48.11260517318934,44.8372138223586,88.08155613119204,50.68816265717475,16.434778447719502,81.78325193039949,79.54899977404969,46.667320626460594,0.8936720654815655,53.22148657576117,92.0088492418551,12.181574856760069,77.19233862128449,11.093961541900367,70.85645736983768,51.71153190210679,38.76421842529057,58.08767617733152,0.5266774000903918,15.414091259808915,5.165020680457221,55.12709996244326,57.5659371590455,32.64291718656737,20.357813528316584,33.24931402107587,66.81311649731832,50.61180574026823,11.58762983053736,11.206752271729947,93.94744878040677,21.20370709220143
94.26093129373189,19.826539675384037,45.849078933347464,16.338246853141193,82.75577934111736,33.72023935754661,62.764058562598954,8.070431122527888,0.8131674444917802,67.1075511198159,37.069573508192754,41.64581064548648,3.2951776667684007,54.694183441730445,95.89020598925848,40.40574713313075,50.09250191269399,17.379141184623492,24.769310543118117,22.77205716173587,15.32899392220546,34.03437161835694,97.38984090547613,94.39567984123107,73.65289773123163,83.16852452921817,53.23602286643884,8.001061088066397,23.37895970098185,33.96017748891628,89.1882345129449,11.111806286971504,37.917228644267986,38.96776831028568,86.24308655703284,19.741945258786565,25.739827731154918,69.03958234839403,16.965699155990976,23.745341982293134,64.12529091616828,1.0931455968724246,48.61851781849791,99.19625210455753,7.780420624511608,91.9852954119213,44.2896020563347,12.947207436528895,12.808490047068855,49.41852264459521,82.76625802592544,21.635759443106252,77.62053333777973,21.55253231302351,24.17590677205399,47.19732270608925,32.944957326760914,21.105750307224223,56.60093332126011,23.371160926027468
97.65127336241913,78.1888903576916,4.962489668261227,61.37959502029292,85.94808379808427,41.54914046284194,23.20883280433702,27.82962075575658,96.16210800180745,32.246414076222266,70.35247068127872,77.17409045205687,48.74994332745739,36.77858293962589,79.15304774618778,0.2583361949796248,25.52747672096857,63.85157685214524,53.11522571391609,77.29408682575195,1.7299486232100314,51.576168253314805,6.189980250652793,5.978648113240681,0.9761014922941569,2.0047093243648617,52.313536257231,53.41745460981306,67.06993544666288,73.50932433928958,90.33943908029207,21.34748982486484,2.2184988200566247,53.154297038764476,10.374270383416384,89.53131100855664,39.60125784328534,88.81640947412485,1.3791695023791406,1.2604443748828187,81.37923745719873,92.29628903560888,91.6710802598228,41.62713326015856,63.717257914189084,78.51246623663566,23.223594387086845,33.49262145783085,17.63368436303191,38.7879110460206,19.20259489663464,93.24110060451059,37.17259279357037,57.26277571285766,94.18550118896208,55.5349575179433,80.31987561092485,21.810151450485094,43.43614801995604,10.248549677118014
7.717917068064628,28.090842740833853,33.425546216192295,67.07738885501038,51.217729475929154,88.79939720923007,67.33156208868076,54.827542164579334,87.44924658711051,42.304751443109936,7.536708151219962,97.11862394774323,35.43394784081196,91.21304199578199,61.99033744277427,96.59232016186033,81.9411468638237,69.06453531511592,88.18687976207163,24.955878980029546,14.45699761681306,98.19413334318742,95.74074655446026,24.325721391915078,7.582202006241435,46.95359238382952,20.508873297994533,39.771985929958966,62.437917648273874,48.31006239511437,23.295333634739514,70.55593411410153,30.719742010042783,90.29989843306385,81.79350799113703,11.422855341088345,83.0201740104538,30.493868927017754,38.921015140819684,55.952886618620234,89.42948811149591,85.54256613909236,73.16377268806386,10.000626674215463,74.34774320572699,48.61322967916117,10.657601300052633,80.41393338886424,32.030963898719776,56.78982369277432,71.33869648527832,42.32555800604347,54.0340157641537,48.71886012399694,44.60097930035246,66.42515998398486,64.65781572798116,43.39241693466575,49.59368907161464,68.18884998504903
39.45092798751644,49.04618146848125,22.2210316135803,89.46607689688827,44.35822694414736,65.23212662415487,7.335831316249541,67.07076985812705,10.774101671717984,28.666010620589855,55.16203304233579,70.60424904675035,75.39730067263777,58.575688794175186,8.494727102320676,58.729483650731005,20.560371710059123,93.64403617303904,63.145544084354235,46.947572736649725,21.43525105710036,45.94040406457586,24.48067793189288,44.9465502098052,70.76437448970925,43.19340838104371,94.47618048955168,39.35889941708286,49.66693453926554,50.11140946705215,82.95096217030645,53.1072477263974,90.46982360980263,34.063578664192015,69.8056601159099,18.355842093525375,88.98053729660074,46.503982842797555,75.51100514567496,6.498528656006764,21.18121562479326,44.01200158780151,19.520331291429848,22.266937357696015,25.605101461155087,77.47326237162112,51.11031521496382,17.499487795212353,46.31237971783994,39.666917096126916,70.4901457028033,67.82584466552399,50.62108046775289,6.897587235333269,46.51577580721275,1.3608721363618237,71.97205174214356,18.785044662946603,64.1162795413528,99.03593425227746
36.542756864948245,52.99832498447168,6.875265026765054,97.09757440425768,33.15764844797285,75.26126316964083,5.835362409499101,4.1852495541656705,2.521530164136876,8.776067237886886,56.45753159881165,99.29227576022124,40.167717793245984,97.6400853685401,71.20850698981414,34.03155098579611,60.04516468918789,27.640216050706524,40.50676718985148,29.38609511436058,12.873684068282888,98.31765107557786,50.28654836861451,90.57939148941436,81.94173671207616,60.4818415662728,70.02950785027838,82.9489902591645,79.54765530666349,39.424183107665165,82.36800422281209,0.5146494936177248,43.161856249531226,86.5903023535575,10.642594698269436,87.86592243590823,37.03989665454548,30.997788920374227,67.75883368197103,8.81474425200982,79.13389936499773,68.47400357342516,41.38397019217697,12.048680739793161,38.04055056257436,17.673681472987745,28.26537948885037,26.46323827150151,6.670958230558776,82.9866287985971,55.565900981227855,44.63035853623447,27.11845381313219,2.1154564177545243,10.584913120159145,52.62821187582936,43.431311496920635,50.894186364183234,76.14520274398406,42.603494192900385
39.480728924719976,95.11690344558808,17.841887472661146,85.110874623325,94.50184667267712,99.07698823724512,37.70904489105945,66.4939382812576,60.71769820148207,61.30637494477188,30.538551215446542,52.471243671351296,87.94794414355835,98.10418441800137,36.60781422033635,99.45070353101627,86.31151248029542,55.08440687140368,62.116730237749415,98.76556441068116,26.03881121713233,17.826191811174407,2.1922728409568326,1.4877154356319533,30.94533487789757,1.690386085801343,24.87569409909026,50.86474839799927,77.19182740102895,6.382991506094681,31.0234688796696,72.67303178503772,2.526857843317154,51.22623498003326,45.73435790782314,5.363879927115112,59.994724505573814,4.619823101278464,0.956942565438279,37.735122475172474,60.33119010840221,20.9433624691286,22.744423784306644,83.01773816317014,37.02762955052461,19.9084226875045,80.32967224340379,46.030072615612895,27.37914844595275,91.99558415539725,65.39791951949164,82.40148163621508,11.139533083925112,78.88903795171599,39.87515070417117,68.13744507333939,36.22950062980321,19.962093404295967,21.665267633356898,21.812260916402483
